<?xml version="1.0" encoding="UTF-8"?>
<project-private xmlns="http://www.netbeans.org/ns/project-private/1">
    <editor-bookmarks xmlns="http://www.netbeans.org/ns/editor-bookmarks/2" lastBookmarkId="0"/>
    <open-files xmlns="http://www.netbeans.org/ns/projectui-open-files/2">
        <group>
            <file>file:/D:/Mis%20Documentos/DICTADO/NetBeansProjects/2022-II/SEMANA%209/Ejercicio09-2/src/usmp/aedi/semana9/Triangulo.java</file>
            <file>file:/D:/Mis%20Documentos/DICTADO/NetBeansProjects/2022-II/SEMANA%209/Ejercicio09-2/src/usmp/aedi/semana9/Interfaz.java</file>
        </group>
    </open-files>
</project-private>
